merchant_id,mcc,mcc_desc,merchant_country,chargeback_rate,merchant_size
1,5912,Drug Stores,US,0.02028093725512174,mid
2,5411,Grocery Stores,US,0.015597256405294161,small
3,5732,Electronics,IN,0.023132718785215788,small
4,6011,ATM/Cash,US,0.04334218465144846,mid
5,5967,Direct Marketing,US,0.0097567590276234,mid
6,7011,Hotels,US,0.004746063908250973,small
7,5999,Misc Retail,US,0.010912859626090928,small
8,5999,Misc Retail,FR,0.02109488798676301,mid
9,5967,Direct Marketing,US,0.045687110902492174,enterprise
10,5411,Grocery Stores,US,0.0012704648214817331,small
11,5411,Grocery Stores,US,0.010846193846373715,mid
12,5411,Grocery Stores,US,0.02575022872400418,small
13,5967,Direct Marketing,FR,0.03491025553142481,small
14,5812,Restaurants,US,0.001983453977415091,mid
15,4829,Money Transfer,DE,0.05861182519519005,small
16,5912,Drug Stores,US,0.022568496781417872,small
17,4111,Transit,IN,0.016916788873028284,enterprise
18,4829,Money Transfer,GB,0.024721069057725746,small
19,5812,Restaurants,US,0.0027336093541829544,small
20,5541,Service Stations,US,0.008406326446634148,small
21,5944,Jewelry,CA,0.029054591650547214,small
22,6011,ATM/Cash,US,0.01889145777271173,mid
23,5967,Direct Marketing,US,0.02517205347014117,small
24,5411,Grocery Stores,CA,0.008175451331495663,small
25,5944,Jewelry,DE,0.056773213249929996,small
26,5999,Misc Retail,US,0.052796663855325776,mid
27,4111,Transit,FR,0.025913659566464093,enterprise
28,5967,Direct Marketing,US,0.021258144370674394,small
29,5967,Direct Marketing,US,0.010058051731178325,mid
30,5912,Drug Stores,US,0.03126890369545116,enterprise
31,7011,Hotels,CA,0.032830477794969226,small
32,5541,Service Stations,US,0.02301263290617256,small
33,7995,Gambling,US,0.05142391208833924,small
34,6011,ATM/Cash,NG,0.017257577774362248,mid
35,5999,Misc Retail,US,0.01820216404591,small
36,5812,Restaurants,US,0.005004029671632585,small
37,5411,Grocery Stores,US,0.03135089260096499,mid
38,5411,Grocery Stores,US,0.02256669903045795,mid
39,5732,Electronics,US,0.010613051681411216,small
40,4829,Money Transfer,BR,0.031727424441214104,small
41,5541,Service Stations,US,0.003488030246004935,small
42,5732,Electronics,US,0.019391297625004612,enterprise
43,4814,Telecom,US,0.017999729971953538,mid
44,4814,Telecom,FR,0.01685006380197997,small
45,5541,Service Stations,US,0.01047296295632523,mid
46,5812,Restaurants,US,0.03157630257685257,small
47,5912,Drug Stores,US,0.04431131680179519,mid
48,5541,Service Stations,US,0.007265744295342693,small
49,5812,Restaurants,US,0.008997697753659354,small
50,7011,Hotels,US,0.017885853432134367,small
51,4814,Telecom,US,0.021378106169923517,small
52,4814,Telecom,US,0.03660380840074098,mid
53,5967,Direct Marketing,NG,0.022865092875163195,small
54,5999,Misc Retail,DE,0.022839662458995408,small
55,4814,Telecom,US,0.010095248822920158,mid
56,5967,Direct Marketing,US,0.03760244366741912,small
57,5411,Grocery Stores,IN,0.03878765240231544,small
58,5944,Jewelry,US,0.036358852897270456,small
59,5812,Restaurants,BR,0.012282114040823057,enterprise
60,4111,Transit,US,0.022203160912418782,mid
61,6011,ATM/Cash,US,0.019806487027793793,mid
62,7011,Hotels,US,0.00807139561082619,mid
63,4111,Transit,DE,0.03718836739356242,small
64,7995,Gambling,US,0.029132974077601886,small
65,7995,Gambling,US,0.014261000791131968,mid
66,5944,Jewelry,US,0.02406226516801429,small
67,5967,Direct Marketing,NG,0.03629402978729393,enterprise
68,5812,Restaurants,CA,0.006793745049520036,small
69,5732,Electronics,DE,0.03397252929177197,small
70,6011,ATM/Cash,US,0.0435606008123723,small
71,5732,Electronics,FR,0.020185563275053123,small
72,7011,Hotels,US,0.02512051625687887,mid
73,5944,Jewelry,US,0.03276594736631738,mid
74,4829,Money Transfer,US,0.042316640480258697,mid
75,5541,Service Stations,US,0.02131809308207431,mid
76,4829,Money Transfer,US,0.040610747381398415,small
77,4814,Telecom,US,0.01536041343671226,small
78,5411,Grocery Stores,CA,0.007116747503186067,mid
79,5967,Direct Marketing,CA,0.029630446666422984,small
80,5732,Electronics,US,0.0013559921900311968,small
81,5541,Service Stations,DE,0.02362262298269872,small
82,4111,Transit,US,0.002227448287588459,mid
83,7995,Gambling,US,0.021209986075128657,mid
84,4111,Transit,US,0.010755340470404695,small
85,5411,Grocery Stores,US,0.04718656799348793,small
86,6011,ATM/Cash,US,0.0433830874537548,small
87,5999,Misc Retail,US,0.01394703860129509,small
88,5812,Restaurants,CA,0.02635999500431071,small
89,4111,Transit,US,0.01150882073595919,mid
90,7995,Gambling,FR,0.049111739055483675,enterprise
91,5812,Restaurants,MX,0.0052475179913323315,mid
92,4829,Money Transfer,US,0.01945422893979469,mid
93,7995,Gambling,US,0.03846342898296505,enterprise
94,4829,Money Transfer,US,0.025504318382260707,mid
95,4814,Telecom,US,0.016488476561726435,small
96,5411,Grocery Stores,US,0.021189307891830413,mid
97,5912,Drug Stores,US,0.00290143890876704,small
98,4829,Money Transfer,US,0.038350342396608506,small
99,4111,Transit,US,0.003248935215729919,small
100,5812,Restaurants,US,0.028403901127971923,mid
101,5812,Restaurants,US,0.026010081574517008,mid
102,4111,Transit,US,0.006724353669969301,mid
103,7995,Gambling,CA,0.018699831980344195,small
104,5541,Service Stations,US,0.005891348874927282,small
105,5912,Drug Stores,US,0.00662221146178134,mid
106,7995,Gambling,US,0.020843571342644092,mid
107,7011,Hotels,US,0.0310582245150086,small
108,5411,Grocery Stores,US,0.007202193034798003,small
109,5411,Grocery Stores,US,0.01045740356791637,small
110,5541,Service Stations,US,0.0066607948841650565,mid
111,4111,Transit,US,0.03737233875783524,small
112,5999,Misc Retail,US,0.005112963293537836,mid
113,5411,Grocery Stores,CA,0.033945518566968466,small
114,5967,Direct Marketing,US,0.05347295965937858,enterprise
115,4814,Telecom,US,0.01157208403206061,small
116,7995,Gambling,US,0.04160696429427785,mid
117,5541,Service Stations,US,0.011707013934117038,mid
118,4814,Telecom,US,0.00916066818464377,mid
119,4829,Money Transfer,US,0.025291112383085027,mid
120,4814,Telecom,US,0.025611319767138884,small
121,5999,Misc Retail,NG,0.03622215478693065,small
122,5732,Electronics,US,0.011561558076535047,small
123,4829,Money Transfer,US,0.01596170856967251,mid
124,5411,Grocery Stores,US,0.00319952993252137,mid
125,5541,Service Stations,US,0.0072522297703553834,small
126,5812,Restaurants,US,0.043414411123035866,mid
127,7995,Gambling,US,0.024974382265383333,small
128,7011,Hotels,FR,0.016882510571104518,small
129,5812,Restaurants,DE,0.0168076533524674,small
130,4829,Money Transfer,US,0.023636181360820296,mid
131,4111,Transit,US,0.006486488946701235,small
132,5541,Service Stations,US,0.013653563370377174,mid
133,4829,Money Transfer,US,0.019069412911347405,mid
134,4814,Telecom,CA,0.014337015432123762,small
135,5812,Restaurants,US,0.028419670635809177,small
136,6011,ATM/Cash,US,0.0238070143434575,mid
137,5411,Grocery Stores,US,0.02540903555220984,mid
138,5967,Direct Marketing,US,0.018825533363851926,small
139,5732,Electronics,US,0.0049342663260910306,small
140,5999,Misc Retail,US,0.01907173627405868,small
141,5411,Grocery Stores,US,0.01765158774516292,small
142,4829,Money Transfer,US,0.011186935061554697,small
143,4111,Transit,US,0.020540682073168105,mid
144,7995,Gambling,US,0.027216928809509607,small
145,6011,ATM/Cash,GB,0.027295087001508934,mid
146,4111,Transit,US,0.03123660765910057,small
147,5999,Misc Retail,US,0.01382240039982716,mid
148,5944,Jewelry,US,0.03582261275705164,enterprise
149,4111,Transit,US,0.003346982170138542,small
150,5541,Service Stations,US,0.0029507013281336353,small
151,6011,ATM/Cash,US,0.018498384756726088,small
152,6011,ATM/Cash,US,0.015611033794226875,small
153,5541,Service Stations,US,0.02815404786339378,mid
154,4814,Telecom,US,0.010185288741436087,mid
155,5967,Direct Marketing,US,0.01788967866495956,mid
156,6011,ATM/Cash,US,0.012462898134163004,enterprise
157,5912,Drug Stores,US,0.0391477584586753,small
158,6011,ATM/Cash,CA,0.028231844271136237,small
159,5411,Grocery Stores,GB,0.00709409027264858,small
160,7995,Gambling,US,0.030225104964047136,mid
161,4111,Transit,US,0.023296690056259808,small
162,5411,Grocery Stores,US,0.01818993121762575,small
163,5944,Jewelry,US,0.039009548060839436,enterprise
164,5999,Misc Retail,US,0.012059768719310698,small
165,6011,ATM/Cash,CA,0.025339146715822637,small
166,5967,Direct Marketing,US,0.028610986168257368,small
167,7995,Gambling,US,0.02028783417497243,small
168,7995,Gambling,GB,0.04711912071734232,small
169,5411,Grocery Stores,US,0.005997343376398813,small
170,5967,Direct Marketing,US,0.02736078603234436,small
171,4814,Telecom,US,0.044675922269776784,mid
172,5732,Electronics,US,0.017193139256723514,small
173,5812,Restaurants,US,0.023770881814675432,mid
174,4111,Transit,US,0.006555353251156371,mid
175,5967,Direct Marketing,US,0.03089343714178653,mid
176,5967,Direct Marketing,US,0.01396699379177969,mid
177,5812,Restaurants,DE,0.018520217741372014,small
178,5944,Jewelry,US,0.03179381371051012,small
179,5812,Restaurants,US,0.028457737893224963,small
180,5732,Electronics,US,0.0033788630731643792,small
181,7011,Hotels,US,0.010831752755100236,mid
182,5411,Grocery Stores,CA,0.032540935235624124,small
183,5812,Restaurants,FR,0.022652732599166624,small
184,5967,Direct Marketing,CA,0.029435540330769675,small
185,7995,Gambling,MX,0.019213113767773543,mid
186,6011,ATM/Cash,US,0.02837187989261137,small
187,4111,Transit,US,0.02320431677092787,small
188,7011,Hotels,US,0.023593685005333646,mid
189,5411,Grocery Stores,BR,0.023979014481848384,mid
190,4111,Transit,US,0.03354581025728107,small
191,5944,Jewelry,US,0.01331283305404066,small
192,5912,Drug Stores,CA,0.020567387925290885,mid
193,7011,Hotels,US,0.0048117372962479445,small
194,5732,Electronics,MX,0.023793671470722127,enterprise
195,5967,Direct Marketing,US,0.015556454249822188,mid
196,5912,Drug Stores,FR,0.01564994639257605,mid
197,5812,Restaurants,US,0.016447774512767143,mid
198,5912,Drug Stores,US,0.03397998254204962,enterprise
199,5912,Drug Stores,US,0.013989430438071512,small
200,6011,ATM/Cash,US,0.03256426808539921,small
201,5541,Service Stations,US,0.014573615640464202,mid
202,5732,Electronics,IN,0.030632444893377922,small
203,5541,Service Stations,DE,0.01379975755748357,mid
204,6011,ATM/Cash,MX,0.035747642807267596,small
205,4814,Telecom,US,0.023327962928760042,small
206,7011,Hotels,US,0.02506437477610373,small
207,6011,ATM/Cash,DE,0.029591949908726236,mid
208,5411,Grocery Stores,US,0.01191098758892275,small
209,4814,Telecom,US,0.014824435226817242,small
210,5732,Electronics,US,0.006387160136556795,small
211,5732,Electronics,FR,0.009102032037697248,small
212,5912,Drug Stores,US,0.002593599493704628,mid
213,5812,Restaurants,US,0.011796047420770887,enterprise
214,4814,Telecom,US,0.012929035120684268,mid
215,6011,ATM/Cash,US,0.030972952129796016,small
216,5967,Direct Marketing,US,0.04791891348580237,small
217,5541,Service Stations,US,0.018946248675655915,enterprise
218,5944,Jewelry,US,0.0386371866366198,mid
219,5812,Restaurants,US,0.0064826635157682055,mid
220,5944,Jewelry,US,0.04459383013269458,small
221,4111,Transit,US,0.002607833268666744,small
222,5967,Direct Marketing,MX,0.05218751578359264,small
223,5411,Grocery Stores,US,0.0012642794610578645,small
224,5944,Jewelry,US,0.06,small
225,7011,Hotels,US,0.020341612492994005,mid
226,4111,Transit,IN,0.02769087066401707,small
227,4111,Transit,CA,0.023021076905086646,small
228,4814,Telecom,US,0.015362372924521106,mid
229,7995,Gambling,US,0.013475149546598727,enterprise
230,5732,Electronics,US,0.01824549359508354,small
231,7011,Hotels,CA,0.024633242131748025,small
232,5411,Grocery Stores,NG,0.03518151293920819,mid
233,5944,Jewelry,US,0.03710761494247181,enterprise
234,4814,Telecom,GB,0.016941864477440678,mid
235,4111,Transit,US,0.0015806527023718578,small
236,5944,Jewelry,US,0.01681684100038982,mid
237,5541,Service Stations,US,0.013243635406142571,mid
238,5541,Service Stations,US,0.02046211708945543,small
239,5967,Direct Marketing,US,0.02115819233652688,small
240,4829,Money Transfer,US,0.03832822288711374,mid
241,6011,ATM/Cash,US,0.03382316974028417,mid
242,5411,Grocery Stores,US,0.010624149248570141,small
243,4111,Transit,FR,0.025830089791126144,mid
244,5944,Jewelry,US,0.028764111217345442,mid
245,5411,Grocery Stores,CA,0.043166831353638226,small
246,4829,Money Transfer,US,0.026685234618352566,small
247,6011,ATM/Cash,US,0.03331566938402699,small
248,5999,Misc Retail,DE,0.022160526129877164,enterprise
249,4111,Transit,CA,0.012338732764781282,small
250,5967,Direct Marketing,CA,0.015887693177163258,mid
251,6011,ATM/Cash,US,0.03355145838332386,small
252,6011,ATM/Cash,US,0.025751086915850888,mid
253,4829,Money Transfer,US,0.024750862827743497,enterprise
254,5944,Jewelry,US,0.022302304104311464,enterprise
255,4829,Money Transfer,CA,0.018142655886656676,mid
256,4829,Money Transfer,US,0.028099625985034023,small
257,5411,Grocery Stores,US,0.016577289245174272,small
258,4814,Telecom,US,0.017343037319784014,small
259,5999,Misc Retail,MX,0.016976450400067476,mid
260,7011,Hotels,US,0.015433066726137814,small
261,5912,Drug Stores,US,0.005647916477063715,small
262,4814,Telecom,US,0.025160010459499425,small
263,6011,ATM/Cash,DE,0.04093336290928096,mid
264,5732,Electronics,GB,0.018523192956725214,small
265,4814,Telecom,US,0.004686462469893043,small
266,5999,Misc Retail,FR,0.02026334254544985,small
267,5944,Jewelry,US,0.05021677155039267,small
268,5812,Restaurants,US,0.0041130643643012416,mid
269,5967,Direct Marketing,GB,0.035511279849873276,mid
270,5732,Electronics,US,0.0006201010975251691,mid
271,4111,Transit,US,0.0217311622166794,small
272,6011,ATM/Cash,US,0.035223886393822304,small
273,5411,Grocery Stores,NG,0.009133831135471754,mid
274,4829,Money Transfer,US,0.037984799757364796,small
275,7995,Gambling,US,0.030610794408496334,mid
276,4829,Money Transfer,US,0.02008777508438521,enterprise
277,4111,Transit,US,0.025397097235339134,small
278,5912,Drug Stores,US,0.02234856621478019,mid
279,7995,Gambling,US,0.03494326346269225,small
280,7995,Gambling,CA,0.030682971438082154,small
281,5967,Direct Marketing,US,0.026678553236935663,small
282,7995,Gambling,IN,0.021559052203818443,mid
283,5732,Electronics,CA,0.01316153149929961,enterprise
284,5912,Drug Stores,US,0.04236537578583674,small
285,5999,Misc Retail,US,0.040096216639652474,mid
286,7995,Gambling,US,0.04651552861601142,small
287,5732,Electronics,US,0.017312338291366396,small
288,5732,Electronics,US,0.012160805381635253,mid
289,5411,Grocery Stores,US,0.0016001817663828174,mid
290,4829,Money Transfer,US,0.06,mid
291,6011,ATM/Cash,US,0.036950218280601396,enterprise
292,5541,Service Stations,US,0.01521153583553282,small
293,5812,Restaurants,US,0.010786879868835177,small
294,6011,ATM/Cash,FR,0.026960229944529623,small
295,6011,ATM/Cash,US,0.01969845269284567,mid
296,5967,Direct Marketing,US,0.022043672921821966,small
297,4111,Transit,US,0.020741558892102236,small
298,5944,Jewelry,US,0.03758884893525691,mid
299,5944,Jewelry,US,0.029332595195011822,small
300,5541,Service Stations,US,0.02192231675600318,mid
301,4111,Transit,US,0.012206914499019133,enterprise
302,5541,Service Stations,US,0.017789468554453725,small
303,5944,Jewelry,US,0.02142649238993828,small
304,4829,Money Transfer,CA,0.06,enterprise
305,5812,Restaurants,US,0.01445376777413168,mid
306,5812,Restaurants,US,0.023499291585441878,small
307,5541,Service Stations,US,0.03020586553429167,mid
308,5812,Restaurants,GB,0.036558196026177985,small
309,5411,Grocery Stores,US,0.0047318721118582195,mid
310,4829,Money Transfer,US,0.024231096138543587,small
311,7995,Gambling,US,0.01750504291815366,small
312,5944,Jewelry,MX,0.03759119997203885,mid
313,4111,Transit,US,0.007302091598729718,small
314,5944,Jewelry,US,0.02044756239061226,mid
315,4814,Telecom,US,0.017930433728171827,mid
316,5912,Drug Stores,US,0.01791586460038447,enterprise
317,5912,Drug Stores,US,0.0170356453818512,small
318,7011,Hotels,US,0.025905598454089126,small
319,5732,Electronics,US,0.010894600205134764,small
320,6011,ATM/Cash,US,0.020853686961512696,small
321,5999,Misc Retail,US,0.011732188630325277,small
322,5999,Misc Retail,FR,0.013433669332505008,small
323,4111,Transit,US,0.017705346901439545,small
324,5912,Drug Stores,GB,0.016906559778322474,enterprise
325,5967,Direct Marketing,CA,0.030100422114497864,small
326,5411,Grocery Stores,US,0.02743876534043598,small
327,6011,ATM/Cash,US,0.023817607087002018,mid
328,7995,Gambling,US,0.012948648551117086,small
329,5967,Direct Marketing,US,0.02134053364837559,mid
330,5999,Misc Retail,US,0.009248421294061735,mid
331,5967,Direct Marketing,US,0.01953496234390855,mid
332,5967,Direct Marketing,US,0.01838217056856069,mid
333,7011,Hotels,US,0.019914115492166744,mid
334,5541,Service Stations,US,0.01916350974526235,enterprise
335,5912,Drug Stores,FR,0.027884365040917167,small
336,5912,Drug Stores,US,0.02772208169885057,small
337,7995,Gambling,US,0.025663484558538605,mid
338,4829,Money Transfer,US,0.0313864754773496,small
339,4111,Transit,US,0.022166958697232474,small
340,4829,Money Transfer,IN,0.03171844900244399,mid
341,5944,Jewelry,US,0.043787565435707776,small
342,4814,Telecom,FR,0.010833137222045437,small
343,5944,Jewelry,BR,0.02680304246584931,mid
344,5967,Direct Marketing,US,0.06,small
345,5967,Direct Marketing,US,0.025536061622728198,small
346,5912,Drug Stores,US,0.01735077156956196,mid
347,7995,Gambling,US,0.015770198125519896,mid
348,7011,Hotels,MX,0.016516499971042133,small
349,5967,Direct Marketing,US,0.01665853039265723,small
350,5912,Drug Stores,FR,0.017619572205513703,small
351,6011,ATM/Cash,US,0.022082350220579597,mid
352,7011,Hotels,US,0.013892047585749514,small
353,4829,Money Transfer,US,0.01944519463143715,mid
354,6011,ATM/Cash,US,0.00866053717180235,mid
355,5999,Misc Retail,US,0.012769050060243843,small
356,6011,ATM/Cash,US,0.04456725779412752,mid
357,5912,Drug Stores,US,0.02429212705606439,enterprise
358,5411,Grocery Stores,BR,0.019337350125917262,mid
359,4111,Transit,US,0.014934490514435307,small
360,5732,Electronics,US,0.0024769232372119556,small
361,5812,Restaurants,US,0.004675487233570201,mid
362,4829,Money Transfer,US,0.05007018484819309,mid
363,5411,Grocery Stores,US,0.008198289437965774,small
364,7995,Gambling,US,0.025211307486138507,small
365,5541,Service Stations,US,0.01911528635328067,mid
366,5999,Misc Retail,US,0.013348318911025421,small
367,5912,Drug Stores,US,0.006806908517134551,small
368,5732,Electronics,US,0.010303636203487183,small
369,4814,Telecom,US,0.014127793002546152,small
370,5999,Misc Retail,US,0.0075067229982475805,small
371,5944,Jewelry,US,0.027250979411123078,small
372,7011,Hotels,US,0.0033072918576767998,small
373,5944,Jewelry,US,0.024253831116760303,small
374,7011,Hotels,US,0.0191582063847701,small
375,5732,Electronics,US,0.002749145779508187,small
376,4111,Transit,MX,0.03901828205162944,small
377,4814,Telecom,GB,0.017881094093862977,small
378,7011,Hotels,US,0.013113279120337901,small
379,5967,Direct Marketing,US,0.01455113315971658,mid
380,4111,Transit,US,0.031734709494687006,small
381,5999,Misc Retail,US,0.01718617382255758,mid
382,5411,Grocery Stores,CA,0.02573838085179863,small
383,5732,Electronics,US,0.008563706317198277,small
384,5411,Grocery Stores,US,0.029558065907844502,small
385,5411,Grocery Stores,US,0.012463360035084213,small
386,5732,Electronics,US,0.0395600422971973,small
387,5999,Misc Retail,US,0.0036780325883280906,mid
388,5967,Direct Marketing,US,0.020562710780539548,small
389,5944,Jewelry,DE,0.028994300223022913,small
390,6011,ATM/Cash,US,0.03842095727875317,small
391,4111,Transit,BR,0.022260315463719618,enterprise
392,5812,Restaurants,US,0.013150661681216416,small
393,6011,ATM/Cash,MX,0.04372160422506909,small
394,7011,Hotels,DE,0.024648961868385128,small
395,7011,Hotels,US,0.015508332117710374,enterprise
396,7995,Gambling,CA,0.03161831984522685,mid
397,5912,Drug Stores,US,0.0030897202879636505,small
398,7011,Hotels,US,0.03241974101069018,small
399,7995,Gambling,US,0.026196885577012573,mid
400,4814,Telecom,US,0.012439662962113393,small
401,4111,Transit,US,0.0314824681013127,small
402,4829,Money Transfer,US,0.02508054943341501,small
403,4829,Money Transfer,BR,0.027023907787483602,small
404,5812,Restaurants,GB,0.010771922112218921,small
405,5812,Restaurants,US,0.0036366118742301033,mid
406,4111,Transit,US,0.029462858402950043,mid
407,6011,ATM/Cash,US,0.04037557069582326,small
408,4111,Transit,US,0.010015429993651017,small
409,5541,Service Stations,DE,0.027490977419484364,small
410,4111,Transit,NG,0.014432961864979553,mid
411,4829,Money Transfer,US,0.019257152765693918,small
412,5912,Drug Stores,US,0.028413156795288046,small
413,7011,Hotels,US,0.01531355687021243,small
414,7995,Gambling,US,0.02213894401097225,small
415,5732,Electronics,US,0.002079143667903954,small
416,5411,Grocery Stores,US,0.012247077701595718,small
417,4814,Telecom,US,0.01935498310625401,mid
418,5944,Jewelry,US,0.017475917176948595,small
419,4814,Telecom,GB,0.04710464734574277,mid
420,4814,Telecom,US,0.01889575537922472,small
421,4814,Telecom,US,0.009818281634375144,small
422,5999,Misc Retail,US,0.013184088189205512,mid
423,5411,Grocery Stores,GB,0.01882641712537827,enterprise
424,4829,Money Transfer,US,0.020033273228809025,small
425,5912,Drug Stores,FR,0.01606031924615646,mid
426,6011,ATM/Cash,US,0.04112790613824733,mid
427,4111,Transit,DE,0.007562628549862931,mid
428,4111,Transit,US,0.027293732311229283,small
429,5411,Grocery Stores,CA,0.03601918960164834,small
430,4829,Money Transfer,US,0.02255469509370903,small
431,4111,Transit,CA,0.01057069122620024,small
432,6011,ATM/Cash,US,0.039804204525840006,small
433,5944,Jewelry,US,0.012606199564641325,mid
434,5812,Restaurants,US,0.013540597077635793,small
435,4829,Money Transfer,US,0.040859545884913195,small
436,7995,Gambling,US,0.021961273491526274,small
437,5912,Drug Stores,US,0.014636960752684555,small
438,7995,Gambling,US,0.02900197106091933,mid
439,7995,Gambling,GB,0.030878224887990687,mid
440,4814,Telecom,US,0.025806886501302147,small
441,5999,Misc Retail,US,0.013681660520137716,small
442,4829,Money Transfer,DE,0.023545288063508002,small
443,5541,Service Stations,US,0.03356468058621466,enterprise
444,7011,Hotels,US,0.014273548930415226,small
445,6011,ATM/Cash,US,0.026297514748667254,small
446,5812,Restaurants,US,0.041054061115659894,small
447,5732,Electronics,US,0.0392571767129679,small
448,7011,Hotels,US,0.0196764016917447,small
449,5944,Jewelry,CA,0.023876872067191503,enterprise
450,6011,ATM/Cash,US,0.019060093737468815,small
451,6011,ATM/Cash,US,0.028470158854479136,small
452,5732,Electronics,US,0.019864422317100377,small
453,7011,Hotels,US,0.01819857210565211,small
454,5411,Grocery Stores,CA,0.02008887590850112,enterprise
455,6011,ATM/Cash,US,0.025073982701714466,mid
456,5999,Misc Retail,MX,0.03163303554086811,mid
457,7011,Hotels,US,0.003916034592159253,mid
458,4814,Telecom,US,0.01353665846079025,mid
459,5944,Jewelry,US,0.025781132717540158,small
460,5812,Restaurants,US,0.021740732416181897,small
461,5944,Jewelry,US,0.040825804814079825,mid
462,5732,Electronics,US,0.006553720425711449,mid
463,5732,Electronics,US,0.015409098012045081,small
464,5812,Restaurants,US,0.004985030995772253,small
465,5944,Jewelry,US,0.02324757185575378,mid
466,7011,Hotels,US,0.018658100489185182,small
467,5812,Restaurants,US,0.009767533462182853,small
468,5812,Restaurants,US,0.009369092824295901,small
469,5944,Jewelry,CA,0.02707909633070224,small
470,5812,Restaurants,US,0.0039389229624563525,small
471,4111,Transit,US,0.04109953780855621,mid
472,4814,Telecom,US,0.012353929659749187,mid
473,5967,Direct Marketing,US,0.04864853423820837,small
474,5912,Drug Stores,US,0.004771541333760833,small
475,5999,Misc Retail,MX,0.017987884671615637,small
476,5912,Drug Stores,CA,0.00537775535810316,small
477,5967,Direct Marketing,US,0.04296765625376204,small
478,7995,Gambling,US,0.026915934818607712,mid
479,4829,Money Transfer,US,0.00955825783056532,mid
480,5411,Grocery Stores,US,0.012562328812072796,small
481,4814,Telecom,US,0.016717614492279723,mid
482,5411,Grocery Stores,US,0.006289687314470091,small
483,5812,Restaurants,US,0.013579531500293118,mid
484,7011,Hotels,US,0.048298949901909485,small
485,5732,Electronics,US,0.011553000776109549,mid
486,5732,Electronics,US,0.014723292833756847,small
487,5411,Grocery Stores,US,0.017089948520865702,small
488,4111,Transit,US,0.015241469587532796,small
489,5999,Misc Retail,US,0.003780725004048393,mid
490,4829,Money Transfer,US,0.0240456912372592,mid
491,6011,ATM/Cash,BR,0.037742203077384476,mid
492,7011,Hotels,US,0.012076705163681718,mid
493,5944,Jewelry,US,0.04767123804043714,small
494,7995,Gambling,US,0.032336941784153236,mid
495,7011,Hotels,US,0.0057393061544552875,mid
496,5967,Direct Marketing,US,0.06,small
497,7995,Gambling,US,0.03287730435169167,small
498,7011,Hotels,BR,0.0052905251060655755,small
499,4111,Transit,US,0.013340463309719778,small
500,5944,Jewelry,US,0.04012259610527901,small
501,5944,Jewelry,CA,0.03085673292767463,mid
502,4111,Transit,US,0.010281519102962123,mid
503,5912,Drug Stores,US,0.03132658994330937,small
504,7995,Gambling,GB,0.04762421188885521,enterprise
505,7011,Hotels,US,0.009165754761988939,mid
506,4829,Money Transfer,US,0.026165372783322226,small
507,5967,Direct Marketing,US,0.05517940406832905,enterprise
508,5411,Grocery Stores,US,0.0025693078401428796,mid
509,4829,Money Transfer,IN,0.04637051936309542,small
510,5967,Direct Marketing,US,0.025687307673620065,enterprise
511,5967,Direct Marketing,US,0.03711184319163691,small
512,7011,Hotels,US,0.019448624769413104,small
513,5541,Service Stations,US,0.020382567692421437,small
514,7995,Gambling,US,0.03184749195061977,mid
515,5967,Direct Marketing,US,0.042718946545947094,enterprise
516,7011,Hotels,US,0.0281915201482294,small
517,4829,Money Transfer,US,0.02473105380657955,small
518,5541,Service Stations,CA,0.05063671723038239,small
519,6011,ATM/Cash,US,0.018406495482227694,mid
520,5411,Grocery Stores,MX,0.019332357216629025,small
521,6011,ATM/Cash,US,0.0348020142306921,small
522,4829,Money Transfer,US,0.02625977852727502,small
523,4814,Telecom,MX,0.01734864711975303,small
524,7995,Gambling,GB,0.010693598026436532,enterprise
525,5732,Electronics,US,0.021936698555574768,enterprise
526,5967,Direct Marketing,US,0.02932704889517974,small
527,5812,Restaurants,GB,0.02829195496121413,mid
528,5999,Misc Retail,US,0.01700039529128956,mid
529,5812,Restaurants,US,0.003451389758376988,small
530,5541,Service Stations,US,0.019154359310482937,small
531,4111,Transit,CA,0.02193950822661692,mid
532,5999,Misc Retail,US,0.01046281824024508,small
533,5732,Electronics,US,0.018597256966486595,mid
534,5541,Service Stations,BR,0.06,small
535,5999,Misc Retail,US,0.005145004775396619,mid
536,7011,Hotels,CA,0.020536888865977668,small
537,5912,Drug Stores,US,0.0076815427805105325,small
538,4829,Money Transfer,US,0.00715292693191673,small
539,5967,Direct Marketing,US,0.016205062086964865,small
540,5967,Direct Marketing,US,0.019313571306972702,mid
541,5411,Grocery Stores,US,0.029077721454453326,mid
542,7011,Hotels,FR,0.012160571096611863,small
543,6011,ATM/Cash,US,0.038589361991704374,small
544,5999,Misc Retail,US,0.01103879903099946,small
545,5541,Service Stations,US,0.007133652430290639,small
546,7995,Gambling,US,0.036392570247306466,enterprise
547,5411,Grocery Stores,US,0.00520690910558767,small
548,7995,Gambling,US,0.03927435184363365,mid
549,7011,Hotels,US,0.01870216504482867,small
550,4814,Telecom,US,0.023732717792149062,small
551,4814,Telecom,US,0.028820158598004728,mid
552,4111,Transit,US,0.004220954160833919,mid
553,7995,Gambling,US,0.03685627657868436,small
554,5411,Grocery Stores,US,0.02512325978909866,mid
555,4829,Money Transfer,BR,0.02607879610147666,mid
556,5812,Restaurants,US,0.0025437137333939766,small
557,4829,Money Transfer,US,0.01573309578962357,small
558,4829,Money Transfer,GB,0.018151987063823198,small
559,5944,Jewelry,US,0.05656550374624037,small
560,5944,Jewelry,MX,0.06,mid
561,5411,Grocery Stores,US,0.019351897646539565,small
562,4829,Money Transfer,DE,0.04318117965919518,small
563,4111,Transit,FR,0.029378473028494567,small
564,5999,Misc Retail,GB,0.035351821530663796,small
565,4814,Telecom,US,0.019990079258693668,small
566,4111,Transit,GB,0.03977803541647186,mid
567,5732,Electronics,US,0.019460737064004533,mid
568,5999,Misc Retail,US,0.02295229998877316,enterprise
569,5812,Restaurants,US,0.011973859057173915,mid
570,5967,Direct Marketing,US,0.06,small
571,4814,Telecom,MX,0.02590294739358555,mid
572,5999,Misc Retail,CA,0.009590483670012351,mid
573,5944,Jewelry,US,0.05844332569595999,mid
574,4814,Telecom,US,0.02620569838006002,small
575,5812,Restaurants,US,0.0014916199591269493,small
576,5912,Drug Stores,US,0.02326446734182106,small
577,5541,Service Stations,CA,0.028449211425567368,small
578,5812,Restaurants,US,0.008952975984530674,small
579,6011,ATM/Cash,CA,0.022798297780189814,small
580,5912,Drug Stores,US,0.056007275160283226,mid
581,6011,ATM/Cash,US,0.028607513506000316,small
582,4111,Transit,US,0.030240295011504943,small
583,5812,Restaurants,US,0.002321239638246776,mid
584,6011,ATM/Cash,BR,0.021154328561207116,mid
585,5912,Drug Stores,MX,0.02282496518254503,small
586,4829,Money Transfer,FR,0.02795953282878571,small
587,5411,Grocery Stores,FR,0.030951056812104534,small
588,7995,Gambling,US,0.014086343606160588,mid
589,5999,Misc Retail,US,0.01647697560099919,mid
590,4111,Transit,CA,0.024793151149077618,small
591,6011,ATM/Cash,US,0.0351844388262582,mid
592,6011,ATM/Cash,GB,0.05023971194782753,mid
593,5541,Service Stations,US,0.004879877113299371,mid
594,5411,Grocery Stores,FR,0.021382124810836782,small
595,5541,Service Stations,US,0.004088165529787196,mid
596,6011,ATM/Cash,GB,0.03360257923022479,small
597,4111,Transit,US,0.01352247779228779,small
598,5944,Jewelry,US,0.030388983537750013,small
599,7011,Hotels,DE,0.06,small
600,4111,Transit,US,0.002982859544689051,small
601,5411,Grocery Stores,US,0.039795712221233855,small
602,5411,Grocery Stores,US,0.01251008516072932,small
603,4814,Telecom,US,0.021507319104553134,small
604,5912,Drug Stores,US,0.009860143485786864,mid
605,5732,Electronics,US,0.002359482960315307,mid
606,5732,Electronics,US,0.00786583649153158,small
607,7995,Gambling,US,0.025376414837124522,small
608,4829,Money Transfer,FR,0.06,small
609,5944,Jewelry,US,0.03753758225379811,mid
610,7995,Gambling,US,0.03076539819007021,mid
611,6011,ATM/Cash,US,0.03428475401758049,small
612,4111,Transit,US,0.04716256996722967,enterprise
613,5912,Drug Stores,CA,0.0371125605124561,mid
614,7011,Hotels,US,0.02552569690895691,mid
615,4829,Money Transfer,US,0.04406515855531247,mid
616,5944,Jewelry,US,0.04812074230748161,small
617,5999,Misc Retail,GB,0.014698521438332298,enterprise
618,5999,Misc Retail,US,0.0038633667368546164,mid
619,5967,Direct Marketing,US,0.020703689606944287,mid
620,5812,Restaurants,US,0.003644520663116352,mid
621,4829,Money Transfer,IN,0.018751956084276634,mid
622,4814,Telecom,US,0.024643362883688076,mid
623,6011,ATM/Cash,US,0.01793827414185301,small
624,5999,Misc Retail,CA,0.010480041507362545,small
625,4814,Telecom,US,0.019323591900778602,small
626,5999,Misc Retail,US,0.014702588627383233,mid
627,5411,Grocery Stores,US,0.009082312588294604,small
628,7011,Hotels,IN,0.043599607225597664,small
629,4829,Money Transfer,US,0.04577456864506858,enterprise
630,5541,Service Stations,US,0.019563950787414106,small
631,5912,Drug Stores,DE,0.018524637365428663,small
632,5967,Direct Marketing,US,0.025763932732632028,mid
633,5967,Direct Marketing,US,0.03233603268031239,small
634,6011,ATM/Cash,US,0.020401602882287706,small
635,4829,Money Transfer,US,0.01814834842060337,mid
636,4829,Money Transfer,US,0.018061653500268476,enterprise
637,5967,Direct Marketing,US,0.030837762623162762,small
638,4829,Money Transfer,CA,0.029188975683590933,small
639,5944,Jewelry,US,0.011660408457213046,small
640,5999,Misc Retail,GB,0.01328282816700575,mid
641,7011,Hotels,US,0.001963776095028578,small
642,5732,Electronics,US,0.018342658623460222,small
643,4111,Transit,US,0.01721606174541577,mid
644,4814,Telecom,US,0.01573338545475604,enterprise
645,5541,Service Stations,US,0.011805302945185024,small
646,5411,Grocery Stores,US,0.0011878365245848066,small
647,7995,Gambling,US,0.020954074495674935,mid
648,4829,Money Transfer,US,0.015627893433371745,small
649,5967,Direct Marketing,US,0.02028339145617858,mid
650,5411,Grocery Stores,FR,0.024040152086498037,small
651,7995,Gambling,US,0.028736622541136347,small
652,4111,Transit,US,0.014570976020180646,small
653,5732,Electronics,US,0.017812704651001016,small
654,4814,Telecom,US,0.017157561400010447,mid
655,5732,Electronics,US,0.018945489956970242,mid
656,5967,Direct Marketing,US,0.025003395659943882,mid
657,5967,Direct Marketing,US,0.020380804345992824,mid
658,4814,Telecom,US,0.008521406100876608,small
659,7011,Hotels,BR,0.027844686513478926,enterprise
660,7995,Gambling,US,0.011940973016932564,mid
661,5967,Direct Marketing,US,0.021737371180253137,small
662,5999,Misc Retail,IN,0.043652817486592055,mid
663,5967,Direct Marketing,US,0.03414119587876434,mid
664,7995,Gambling,US,0.05110043779100694,small
665,5411,Grocery Stores,US,0.03300035318446259,small
666,5944,Jewelry,FR,0.043004942594080865,small
667,5912,Drug Stores,US,0.008523259602270034,enterprise
668,4111,Transit,US,0.028500516593322135,mid
669,4829,Money Transfer,CA,0.023147018477611917,mid
670,5944,Jewelry,US,0.05280277123438948,mid
671,4814,Telecom,MX,0.03819170487045658,small
672,5411,Grocery Stores,IN,0.03271272498752187,enterprise
673,5967,Direct Marketing,US,0.017401783132545888,small
674,5999,Misc Retail,US,0.00792162937893016,mid
675,5411,Grocery Stores,US,0.01952892700724256,small
676,4829,Money Transfer,US,0.01772925548047659,small
677,5912,Drug Stores,US,0.018167757718380327,small
678,5999,Misc Retail,US,0.01791538707159187,small
679,5812,Restaurants,CA,0.06,small
680,7995,Gambling,MX,0.02846121354342607,small
681,5967,Direct Marketing,US,0.02212852925578771,mid
682,4111,Transit,US,0.00913149209875664,mid
683,5967,Direct Marketing,GB,0.04331366767734794,small
684,4829,Money Transfer,US,0.025173315124505602,small
685,5967,Direct Marketing,US,0.040158438413127315,small
686,5912,Drug Stores,US,0.023961522558886512,mid
687,5912,Drug Stores,GB,0.016880957623016835,small
688,5999,Misc Retail,US,0.007511279799530567,enterprise
689,7995,Gambling,US,0.05196104148042595,small
690,5967,Direct Marketing,US,0.015125626091310225,small
691,5999,Misc Retail,US,0.017124530567519957,mid
692,4814,Telecom,US,0.0044368158227575255,small
693,5912,Drug Stores,US,0.02091395447764432,small
694,4111,Transit,US,0.011820801231473199,enterprise
695,5944,Jewelry,CA,0.03157247520917083,small
696,5732,Electronics,US,0.016013668564374244,small
697,5912,Drug Stores,GB,0.029519097462210642,small
698,5732,Electronics,US,0.009323085142883778,mid
699,5944,Jewelry,US,0.027490056201337813,mid
700,4829,Money Transfer,CA,0.028105705343302728,small
701,7995,Gambling,US,0.013310800625753932,small
702,4814,Telecom,US,0.026225785170982962,small
703,5732,Electronics,US,0.0029014938399240862,small
704,4829,Money Transfer,US,0.031911074355168934,mid
705,5967,Direct Marketing,US,0.0384520090076475,small
706,4829,Money Transfer,DE,0.0389622154608292,mid
707,5967,Direct Marketing,GB,0.03180130756102831,mid
708,4111,Transit,US,0.008004083669692427,small
709,4829,Money Transfer,IN,0.022318792495513332,mid
710,7995,Gambling,US,0.013547156954100123,mid
711,7995,Gambling,US,0.025704439269857167,small
712,4814,Telecom,US,0.006122642519183254,small
713,5912,Drug Stores,CA,0.020206327575927288,mid
714,6011,ATM/Cash,US,0.019912325664670723,mid
715,5732,Electronics,DE,0.008910703162476651,mid
716,4814,Telecom,US,0.017016820372808127,small
717,6011,ATM/Cash,US,0.01948457557855845,mid
718,5812,Restaurants,US,0.019706367071205627,mid
719,5999,Misc Retail,GB,0.03444625967167788,small
720,4829,Money Transfer,GB,0.019203922431912483,small
721,5732,Electronics,US,0.008582768692077612,small
722,4814,Telecom,US,0.009457020550184802,mid
723,4111,Transit,US,0.06,small
724,5967,Direct Marketing,DE,0.018092921305380774,mid
725,4111,Transit,US,0.0018750623095554319,small
726,5732,Electronics,US,0.028145996643674228,mid
727,5411,Grocery Stores,US,0.014494867192713503,small
728,7011,Hotels,US,0.006416674130593981,mid
729,7995,Gambling,US,0.026156840920346452,small
730,4814,Telecom,NG,0.03532903999702756,mid
731,5944,Jewelry,US,0.016100458076769325,enterprise
732,5944,Jewelry,US,0.02561462978945936,small
733,7011,Hotels,US,0.009627588806630564,small
734,5812,Restaurants,US,0.005206024071743493,small
735,5541,Service Stations,US,0.006149599341269719,small
736,5732,Electronics,US,0.02619384070411156,mid
737,4829,Money Transfer,US,0.028288620368629926,small
738,5944,Jewelry,US,0.02759662644647761,mid
739,5967,Direct Marketing,US,0.029973453990372934,small
740,4829,Money Transfer,US,0.017705517041463024,enterprise
741,5812,Restaurants,DE,0.0300810541763063,small
742,5411,Grocery Stores,US,0.01772550867566154,enterprise
743,7995,Gambling,US,0.02548177221254075,small
744,5541,Service Stations,DE,0.04445742547171839,enterprise
745,5967,Direct Marketing,DE,0.02862883247217846,mid
746,7011,Hotels,US,0.014726492750161996,small
747,5411,Grocery Stores,US,0.011794102434566021,mid
748,5541,Service Stations,US,0.031198453826203176,small
749,5999,Misc Retail,US,0.015012498932594188,small
750,5411,Grocery Stores,US,0.021381010239380424,small
751,5999,Misc Retail,US,0.025992779855744788,mid
752,4111,Transit,US,0.0195955267119221,mid
753,5967,Direct Marketing,US,0.03004689862411289,small
754,4814,Telecom,US,0.0022805084400446735,mid
755,5812,Restaurants,CA,0.02169160594895409,small
756,5732,Electronics,US,0.05287988616910099,small
757,5944,Jewelry,US,0.014732353453132178,small
758,5732,Electronics,US,0.009403864515195499,small
759,4111,Transit,US,0.014586251711455563,mid
760,4829,Money Transfer,US,0.029437325220265338,small
761,5812,Restaurants,FR,0.03723479890825414,small
762,7011,Hotels,BR,0.012155693112007517,small
763,7995,Gambling,US,0.015749397839597667,mid
764,6011,ATM/Cash,FR,0.02287836948312527,mid
765,6011,ATM/Cash,US,0.011323113941702835,small
766,5999,Misc Retail,US,0.0028543702671842623,mid
767,7011,Hotels,US,0.012005897166536586,small
768,6011,ATM/Cash,US,0.041370812869728595,mid
769,6011,ATM/Cash,US,0.02782385414495285,small
770,6011,ATM/Cash,US,0.051895249303279274,small
771,4814,Telecom,FR,0.0214148176782338,small
772,5541,Service Stations,FR,0.02258035269826939,small
773,5732,Electronics,MX,0.007321335091774344,small
774,4814,Telecom,US,0.004780035640839833,mid
775,5541,Service Stations,IN,0.027182174109825687,small
776,4814,Telecom,CA,0.021275213537711078,small
777,4111,Transit,US,0.017538264883542154,mid
778,7011,Hotels,US,0.018117926781040895,mid
779,5999,Misc Retail,GB,0.028634602510932798,mid
780,5944,Jewelry,US,0.04571216273900541,small
781,7011,Hotels,US,0.015169015143919586,mid
782,5999,Misc Retail,NG,0.014051723074680375,mid
783,5732,Electronics,US,0.003972781060331605,small
784,7011,Hotels,US,0.003663837021844251,small
785,7995,Gambling,US,0.02875601707513922,small
786,4829,Money Transfer,US,0.04460916404773052,small
787,5999,Misc Retail,US,0.016143999638739363,mid
788,5912,Drug Stores,US,0.004210131906918375,mid
789,4829,Money Transfer,US,0.036080775054591424,small
790,5912,Drug Stores,US,0.03388935199720902,small
791,5967,Direct Marketing,US,0.028741830810922745,mid
792,5812,Restaurants,US,0.0064955680210463315,small
793,5732,Electronics,US,0.009144992217578618,small
794,4829,Money Transfer,US,0.023769988513582616,enterprise
795,5912,Drug Stores,US,0.005129181584855521,small
796,5912,Drug Stores,US,0.014149637230101339,mid
797,7995,Gambling,US,0.017715873498209748,mid
798,5912,Drug Stores,MX,0.014999155358202707,small
799,5411,Grocery Stores,US,0.06,small
800,4814,Telecom,US,0.023537882472437415,mid
